Workbook

Sheet Score your plan
A1: Durable Risk Reduction (DRR v2) score sheet
A2: Blue cells are inputs (1 to 5). Score and band calculate on their own. Architecture signs off Reduction and Durability.
A3: H, your tooling refresh cycle in years: | C3: 3 | D3: DRR = (Reduction × Durability) ÷ (Effort + H × (Debt + Cost))
A5: ID | B5: Task | C5: Reduction | D5: Durability | E5: Effort | F5: Debt | G5: Cost | H5: DRR score | I5: Band | J5: Rank | K5: Flags / notes
H6: =IF(COUNT(C6:G6)=5,(C6*D6)/(E6+$C$3*(F6+G6)),"") | I6: =IF(H6="","",IF(H6<0.15,"Sandcastle",IF(H6<0.5,"Weak",IF(H6<=1.5,"Durable","Seawall")))) | J6: =IF(H6="","",RANK(H6,$H$6:$H$45,0))
H7: =IF(COUNT(C7:G7)=5,(C7*D7)/(E7+$C$3*(F7+G7)),"") | I7: =IF(H7="","",IF(H7<0.15,"Sandcastle",IF(H7<0.5,"Weak",IF(H7<=1.5,"Durable","Seawall")))) | J7: =IF(H7="","",RANK(H7,$H$6:$H$45,0))
H8: =IF(COUNT(C8:G8)=5,(C8*D8)/(E8+$C$3*(F8+G8)),"") | I8: =IF(H8="","",IF(H8<0.15,"Sandcastle",IF(H8<0.5,"Weak",IF(H8<=1.5,"Durable","Seawall")))) | J8: =IF(H8="","",RANK(H8,$H$6:$H$45,0))
H9: =IF(COUNT(C9:G9)=5,(C9*D9)/(E9+$C$3*(F9+G9)),"") | I9: =IF(H9="","",IF(H9<0.15,"Sandcastle",IF(H9<0.5,"Weak",IF(H9<=1.5,"Durable","Seawall")))) | J9: =IF(H9="","",RANK(H9,$H$6:$H$45,0))
H10: =IF(COUNT(C10:G10)=5,(C10*D10)/(E10+$C$3*(F10+G10)),"") | I10: =IF(H10="","",IF(H10<0.15,"Sandcastle",IF(H10<0.5,"Weak",IF(H10<=1.5,"Durable","Seawall")))) | J10: =IF(H10="","",RANK(H10,$H$6:$H$45,0))
H11: =IF(COUNT(C11:G11)=5,(C11*D11)/(E11+$C$3*(F11+G11)),"") | I11: =IF(H11="","",IF(H11<0.15,"Sandcastle",IF(H11<0.5,"Weak",IF(H11<=1.5,"Durable","Seawall")))) | J11: =IF(H11="","",RANK(H11,$H$6:$H$45,0))
H12: =IF(COUNT(C12:G12)=5,(C12*D12)/(E12+$C$3*(F12+G12)),"") | I12: =IF(H12="","",IF(H12<0.15,"Sandcastle",IF(H12<0.5,"Weak",IF(H12<=1.5,"Durable","Seawall")))) | J12: =IF(H12="","",RANK(H12,$H$6:$H$45,0))
H13: =IF(COUNT(C13:G13)=5,(C13*D13)/(E13+$C$3*(F13+G13)),"") | I13: =IF(H13="","",IF(H13<0.15,"Sandcastle",IF(H13<0.5,"Weak",IF(H13<=1.5,"Durable","Seawall")))) | J13: =IF(H13="","",RANK(H13,$H$6:$H$45,0))
H14: =IF(COUNT(C14:G14)=5,(C14*D14)/(E14+$C$3*(F14+G14)),"") | I14: =IF(H14="","",IF(H14<0.15,"Sandcastle",IF(H14<0.5,"Weak",IF(H14<=1.5,"Durable","Seawall")))) | J14: =IF(H14="","",RANK(H14,$H$6:$H$45,0))
H15: =IF(COUNT(C15:G15)=5,(C15*D15)/(E15+$C$3*(F15+G15)),"") | I15: =IF(H15="","",IF(H15<0.15,"Sandcastle",IF(H15<0.5,"Weak",IF(H15<=1.5,"Durable","Seawall")))) | J15: =IF(H15="","",RANK(H15,$H$6:$H$45,0))
H16: =IF(COUNT(C16:G16)=5,(C16*D16)/(E16+$C$3*(F16+G16)),"") | I16: =IF(H16="","",IF(H16<0.15,"Sandcastle",IF(H16<0.5,"Weak",IF(H16<=1.5,"Durable","Seawall")))) | J16: =IF(H16="","",RANK(H16,$H$6:$H$45,0))
H17: =IF(COUNT(C17:G17)=5,(C17*D17)/(E17+$C$3*(F17+G17)),"") | I17: =IF(H17="","",IF(H17<0.15,"Sandcastle",IF(H17<0.5,"Weak",IF(H17<=1.5,"Durable","Seawall")))) | J17: =IF(H17="","",RANK(H17,$H$6:$H$45,0))
... H45: =IF(COUNT(C45:G45)=5,(C45*D45)/(E45+$C$3*(F45+G45)),"") | I45: =IF(H45="","",IF(H45<0.15,"Sandcastle",IF(H45<0.5,"Weak",IF(H45<=1.5,"Durable","Seawall")))) | J45: =IF(H45="","",RANK(H45,$H$6:$H$45,0))
A47: Bands: Seawall above 1.50 · Durable 0.50 to 1.50 · Weak 0.15 to 0.50 · Sandcastle below 0.15. Scores are ordinal: read them in bands.

Sheet Calibration
A1: Calibration check: run this before scoring real work
A2: Uses H from the 'Score your plan' tab. Expected values assume H = 3. If a project lands outside its expected band, check your inputs.
A4: Reference project | B4: Reduction | C4: Durability | D4: Effort | E4: Debt | F4: Cost | G4: DRR score | H4: Band | I4: Expected band | J4: Check
A5: Standing admin access to just-in-time elevation | B5: 4 | C5: 5 | D5: 2 | E5: 1 | F5: 1 | G5: =(B5*C5)/(D5+'Score your plan'!$C$3*(E5+F5)) -> 2.5 | H5: =IF(G5<0.15,"Sandcastle",IF(G5<0.5,"Weak",IF(G5<=1.5,"Durable","Seawall"))) -> Seawall | I5: Seawall | J5: =IF(H5=I5,"OK","CHECK") -> OK
A6: Microsegment the crown-jewel production estate | B6: 4 | C6: 5 | D6: 5 | E6: 3 | F6: 2 | G6: =(B6*C6)/(D6+'Score your plan'!$C$3*(E6+F6)) -> 1 | H6: =IF(G6<0.15,"Sandcastle",IF(G6<0.5,"Weak",IF(G6<=1.5,"Durable","Seawall"))) -> Durable | I6: Durable | J6: =IF(H6=I6,"OK","CHECK") -> OK
A7: Close one standing open firewall rule | B7: 1 | C7: 5 | D7: 1 | E7: 1 | F7: 1 | G7: =(B7*C7)/(D7+'Score your plan'!$C$3*(E7+F7)) -> 0.71428571 | H7: =IF(G7<0.15,"Sandcastle",IF(G7<0.5,"Weak",IF(G7<=1.5,"Durable","Seawall"))) -> Durable | I7: Durable | J7: =IF(H7=I7,"OK","CHECK") -> OK
A8: East-west visibility platform, detection only | B8: 1 | C8: 2 | D8: 4 | E8: 4 | F8: 5 | G8: =(B8*C8)/(D8+'Score your plan'!$C$3*(E8+F8)) -> 0.064516129 | H8: =IF(G8<0.15,"Sandcastle",IF(G8<0.5,"Weak",IF(G8<=1.5,"Durable","Seawall"))) -> Sandcastle | I8: Sandcastle | J8: =IF(H8=I8,"OK","CHECK") -> OK
A9: One SIEM correlation rule, one technique | B9: 1 | C9: 1 | D9: 2 | E9: 4 | F9: 2 | G9: =(B9*C9)/(D9+'Score your plan'!$C$3*(E9+F9)) -> 0.05 | H9: =IF(G9<0.15,"Sandcastle",IF(G9<0.5,"Weak",IF(G9<=1.5,"Durable","Seawall"))) -> Sandcastle | I9: Sandcastle | J9: =IF(H9=I9,"OK","CHECK") -> OK
A11: Illustrative reference points, not measured results.
